1,https://www.pexels.com/video/meat-barbecue-on-a-griller-5032157/,1,2022-09-13 17:54:13.760246+05:30,2022-09-13 17:54:13.760246+05:30
2,https://www.pexels.com/video/meat-barbecue-on-a-griller-5032157/,1,2022-09-13 17:54:13.760246+05:30,2022-09-13 17:54:13.760246+05:30
3,https://www.pexels.com/video/meat-barbecue-on-a-griller-5032157/,2,2022-09-13 17:54:13.760246+05:30,2022-09-13 17:54:13.760246+05:30
4,https://www.pexels.com/video/meat-barbecue-on-a-griller-5032157/,2,2022-09-13 17:54:13.760246+05:30,2022-09-13 17:54:13.760246+05:30
5,https://www.pexels.com/video/meat-barbecue-on-a-griller-5032157/,3,2022-09-13 17:54:13.760246+05:30,2022-09-13 17:54:13.760246+05:30
6,https://www.pexels.com/video/meat-barbecue-on-a-griller-5032157/,3,2022-09-13 17:54:13.760246+05:30,2022-09-13 17:54:13.760246+05:30
7,https://www.pexels.com/video/meat-barbecue-on-a-griller-5032157/,3,2022-09-13 17:54:13.760246+05:30,2022-09-13 17:54:13.760246+05:30
8,https://www.pexels.com/video/meat-barbecue-on-a-griller-5032157/,4,2022-09-13 17:54:13.760246+05:30,2022-09-13 17:54:13.760246+05:30
9,https://www.pexels.com/video/meat-barbecue-on-a-griller-5032157/,4,2022-09-13 17:54:13.760246+05:30,2022-09-13 17:54:13.760246+05:30
10,https://www.pexels.com/video/meat-barbecue-on-a-griller-5032157/,5,2022-09-13 17:54:13.760246+05:30,2022-09-13 17:54:13.760246+05:30
11,https://www.pexels.com/video/meat-barbecue-on-a-griller-5032157/,6,2022-09-13 17:54:13.760246+05:30,2022-09-13 17:54:13.760246+05:30
12,https://www.pexels.com/video/meat-barbecue-on-a-griller-5032157/,7,2022-09-13 17:54:13.760246+05:30,2022-09-13 17:54:13.760246+05:30
13,https://www.pexels.com/video/meat-barbecue-on-a-griller-5032157/,7,2022-09-13 17:54:13.760246+05:30,2022-09-13 17:54:13.760246+05:30
14,https://www.pexels.com/video/meat-barbecue-on-a-griller-5032157/,8,2022-09-13 17:54:13.760246+05:30,2022-09-13 17:54:13.760246+05:30
15,https://www.pexels.com/video/meat-barbecue-on-a-griller-5032157/,9,2022-09-13 17:54:13.760246+05:30,2022-09-13 17:54:13.760246+05:30
16,https://www.pexels.com/video/meat-barbecue-on-a-griller-5032157/,10,2022-09-13 17:54:13.760246+05:30,2022-09-13 17:54:13.760246+05:30
17,https://www.pexels.com/video/meat-barbecue-on-a-griller-5032157/,11,2022-09-13 17:54:13.760246+05:30,2022-09-13 17:54:13.760246+05:30
18,https://www.pexels.com/video/meat-barbecue-on-a-griller-5032157/,12,2022-09-13 17:54:13.760246+05:30,2022-09-13 17:54:13.760246+05:30
19,https://www.pexels.com/video/meat-barbecue-on-a-griller-5032157/,13,2022-09-13 17:54:13.760246+05:30,2022-09-13 17:54:13.760246+05:30
20,https://www.pexels.com/video/meat-barbecue-on-a-griller-5032157/,13,2022-09-13 17:54:13.760246+05:30,2022-09-13 17:54:13.760246+05:30
21,https://www.pexels.com/video/meat-barbecue-on-a-griller-5032157/,14,2022-09-13 17:54:13.760246+05:30,2022-09-13 17:54:13.760246+05:30
22,https://www.pexels.com/video/meat-barbecue-on-a-griller-5032157/,15,2022-09-13 17:54:13.760246+05:30,2022-09-13 17:54:13.760246+05:30
23,https://www.pexels.com/video/meat-barbecue-on-a-griller-5032157/,15,2022-09-13 17:54:13.760246+05:30,2022-09-13 17:54:13.760246+05:30
24,https://www.pexels.com/video/meat-barbecue-on-a-griller-5032157/,16,2022-09-13 17:54:13.760246+05:30,2022-09-13 17:54:13.760246+05:30
25,https://www.pexels.com/video/meat-barbecue-on-a-griller-5032157/,17,2022-09-13 17:54:13.760246+05:30,2022-09-13 17:54:13.760246+05:30
26,https://www.pexels.com/video/meat-barbecue-on-a-griller-5032157/,18,2022-09-13 17:54:13.760246+05:30,2022-09-13 17:54:13.760246+05:30
27,https://www.pexels.com/video/meat-barbecue-on-a-griller-5032157/,19,2022-09-13 17:54:13.760246+05:30,2022-09-13 17:54:13.760246+05:30
28,https://www.pexels.com/video/meat-barbecue-on-a-griller-5032157/,20,2022-09-13 17:54:13.760246+05:30,2022-09-13 17:54:13.760246+05:30
29,https://www.pexels.com/video/meat-barbecue-on-a-griller-5032157/,14,2022-09-13 17:54:13.760246+05:30,2022-09-13 17:54:13.760246+05:30
30,https://www.pexels.com/video/meat-barbecue-on-a-griller-5032157/,15,2022-09-13 17:54:13.760246+05:30,2022-09-13 17:54:13.760246+05:30
31,https://www.pexels.com/video/meat-barbecue-on-a-griller-5032157/,16,2022-09-13 17:54:13.760246+05:30,2022-09-13 17:54:13.760246+05:30
32,https://www.pexels.com/video/meat-barbecue-on-a-griller-5032157/,17,2022-09-13 17:54:13.760246+05:30,2022-09-13 17:54:13.760246+05:30
33,https://www.pexels.com/video/meat-barbecue-on-a-griller-5032157/,18,2022-09-13 17:54:13.760246+05:30,2022-09-13 17:54:13.760246+05:30
34,https://www.pexels.com/video/meat-barbecue-on-a-griller-5032157/,19,2022-09-13 17:54:13.760246+05:30,2022-09-13 17:54:13.760246+05:30
35,https://www.pexels.com/video/meat-barbecue-on-a-griller-5032157/,20,2022-09-13 17:54:13.760246+05:30,2022-09-13 17:54:13.760246+05:30
36,https://www.pexels.com/video/meat-barbecue-on-a-griller-5032157/,21,2022-09-13 17:54:13.760246+05:30,2022-09-13 17:54:13.760246+05:30
37,https://www.pexels.com/video/meat-barbecue-on-a-griller-5032157/,22,2022-09-13 17:54:13.760246+05:30,2022-09-13 17:54:13.760246+05:30
38,https://www.pexels.com/video/meat-barbecue-on-a-griller-5032157/,23,2022-09-13 17:54:13.760246+05:30,2022-09-13 17:54:13.760246+05:30
39,https://www.pexels.com/video/meat-barbecue-on-a-griller-5032157/,24,2022-09-13 17:54:13.760246+05:30,2022-09-13 17:54:13.760246+05:30
40,https://www.pexels.com/video/meat-barbecue-on-a-griller-5032157/,25,2022-09-13 17:54:13.760246+05:30,2022-09-13 17:54:13.760246+05:30
41,https://www.pexels.com/video/meat-barbecue-on-a-griller-5032157/,26,2022-09-13 17:54:13.760246+05:30,2022-09-13 17:54:13.760246+05:30
42,https://www.pexels.com/video/meat-barbecue-on-a-griller-5032157/,27,2022-09-13 17:54:13.760246+05:30,2022-09-13 17:54:13.760246+05:30
43,https://www.pexels.com/video/meat-barbecue-on-a-griller-5032157/,25,2022-09-13 17:54:13.760246+05:30,2022-09-13 17:54:13.760246+05:30
